Date,Name,Year,Letterboxd URI
2023-03-06,Black Bird,2022,https://boxd.it/BCSe
2023-03-06,Puss in Boots: The Last Wish,2022,https://boxd.it/aaie
2023-03-06,Another Round,2020,https://boxd.it/lkba
2023-03-06,Manchester by the Sea,2016,https://boxd.it/b2L0
2023-03-06,Sicario,2015,https://boxd.it/8i7u
2023-03-06,Django Unchained,2012,https://boxd.it/2cCk
2023-03-06,Gran Torino,2008,https://boxd.it/1Qzy
2023-03-06,No Country for Old Men,2007,https://boxd.it/21ew
2023-03-06,The Incredibles,2004,https://boxd.it/1XLm
2023-03-06,Spirit: Stallion of the Cimarron,2002,https://boxd.it/1Zmo
2023-03-06,The Game,1997,https://boxd.it/26vC
2023-03-06,2001: A Space Odyssey,1968,https://boxd.it/2bf0
2023-03-06,Green Book,2018,https://boxd.it/hErk
2023-03-06,The Invisible Guest,2016,https://boxd.it/euce
2023-03-06,Interstellar,2014,https://boxd.it/4VZ8
2023-03-06,The Killing of a Sacred Deer,2017,https://boxd.it/dZ5G
2023-03-06,The Lincoln Lawyer,2011,https://boxd.it/DRM
2023-03-06,Terror in Resonance,2014,https://boxd.it/py6m
2023-03-06,WALLÂ·E,2008,https://boxd.it/1VEo
2023-03-06,Inception,2010,https://boxd.it/1skk
2023-03-12,About Time,2013,https://boxd.it/43bI
2023-04-16,Dungeons & Dragons: Honor Among Thieves,2023,https://boxd.it/hN1A
2023-08-05,Bullet Train,2022,https://boxd.it/qW26
2023-08-15,Prisoners,2013,https://boxd.it/4E5i
2023-12-13,The Drop,2014,https://boxd.it/4Rrc
2024-01-08,Kung Fu Panda 2,2011,https://boxd.it/G36
2024-01-14,Your Name.,2016,https://boxd.it/cUqs
2024-01-23,Shutter Island,2010,https://boxd.it/1U82
2024-03-09,Dune: Part Two,2024,https://boxd.it/pUfA
2024-03-11,Hoodwinked!,2005,https://boxd.it/1UVS
2024-05-05,"The Good, the Bad and the Ugly",1966,https://boxd.it/2ape
2024-05-29,Gladiator,2000,https://boxd.it/2b9m
2024-10-18,The Gentlemen,2019,https://boxd.it/iYBQ
2024-10-23,Wrath of Man,2021,https://boxd.it/nEia
2025-04-24,Sinners,2025,https://boxd.it/KQMM
2025-06-29,Kingsman: The Secret Service,2014,https://boxd.it/6dxe
2025-08-07,Faster,2010,https://boxd.it/ZKy
