Date,Content
2023-03-16,https://boxd.it/3lRea9
2023-08-05,https://boxd.it/4yPMVz
2023-08-15,https://boxd.it/4HpCSJ
2023-08-15,https://boxd.it/4yPM9P
2023-09-29,https://boxd.it/9Njdx
2023-12-22,https://boxd.it/1ejyw3
2024-01-14,https://boxd.it/5AiQhX
2024-03-24,https://boxd.it/66tR8x
2024-03-24,https://boxd.it/64fldf
2024-04-27,https://boxd.it/6luFuN
2024-09-21,https://boxd.it/7mZuQH
2024-09-21,https://boxd.it/7l6LpT
2024-09-25,https://boxd.it/7oajdl
2024-09-25,https://boxd.it/7o9zch
2024-09-25,https://boxd.it/7o8g0p
2024-09-28,https://boxd.it/7pdxQr
2024-09-30,https://boxd.it/7r80wB
2024-10-06,https://boxd.it/7tUOJT
2024-10-07,https://boxd.it/4MINJL
2024-10-16,https://boxd.it/7ykw7v
2024-11-04,https://boxd.it/7I69Qz
2024-11-12,https://boxd.it/7MWRT3
2024-12-10,https://boxd.it/80ZOHZ
2024-12-13,https://boxd.it/7H7QcZ
2025-02-28,https://boxd.it/7q4EjP
2025-03-15,https://boxd.it/8C5c8R
2025-03-19,https://boxd.it/98hqgH
2025-03-29,https://boxd.it/7qwdpx
2025-04-23,https://boxd.it/9tHyJj
2025-04-23,https://boxd.it/9t7l9P
2025-05-04,https://boxd.it/9AYuo9
2025-05-05,https://boxd.it/7quvGH
2025-05-27,https://boxd.it/7qK2jr
